"Reference","Qty","Value","Footprint","Price","Description"
"BZ1","1","Buzzer","Buzzer_Beeper:Buzzer_12x9.5RM7.6","2500","https://icdayroi.com/buzzer-12095-5v"
"C1,C14","2","1u","Capacitor_SMD:C_0603_1608Metric_Pad1.08x0.95mm_HandSolder","400","https://icdayroi.com/tu-dien-1uf-50v-0603"
"C2,C6,C10,C16","4","10u","Capacitor_THT:C_Radial_D5.0mm_H11.0mm_P2.00mm","250","https://icdayroi.com/tu-hoa-10uf50v"
"C3,C4,C7,C9,C11,C13,C15,C17,C19,C24,C25,C27","12","0.1u","Capacitor_SMD:C_0603_1608Metric_Pad1.08x0.95mm_HandSolder","200","https://icdayroi.com/tu-dien-100nf-50v-0603"
"C5,C8,C12,C20,C21,C22,C23,C26,C28","9","10u","Capacitor_SMD:C_0603_1608Metric_Pad1.08x0.95mm_HandSolder","400","https://icdayroi.com/tu-dien-10uf-25v-0603"
"C18","1","22u","Capacitor_SMD:C_0603_1608Metric_Pad1.08x0.95mm_HandSolder","200","https://icdayroi.com/tu-dien-100nf-50v-0603"
"D1","1","1N5819","Diode_SMD:D_SOD-123","300","https://icdayroi.com/diode-1n5819-sod123-size-1206"
"D2","1","Green","Diode_SMD:D_1206_3216Metric_Pad1.42x1.75mm_HandSolder","840","https://icdayroi.com/led-mau-xanh-la-1206"
"D3,D5","2","Red","Diode_SMD:D_1206_3216Metric_Pad1.42x1.75mm_HandSolder","736","https://icdayroi.com/led-mau-xanh-la-1206"
"D4","1","1N4001","Diode_SMD:D_SMA_Handsoldering","200","https://icdayroi.com/1n4001-m1"
"H1,H2,H3,H4,H5,H6,H7,H8","8","M3","MountingHole:MountingHole_3.2mm_M3_DIN965_Pad_TopBottom","",""
"J1","1","USB_C_16P","Connector_USB:USB_C_Receptacle_GCT_USB4105-xx-A_16P_TopMnt_Horizontal","3000","https://icdayroi.com/usb-3-1-type-c-female-socket"
"J2","1","XH2.54","XH_2p54:2P_male","210","https://chipn24.com/10-cai-f297-header-2p-xh2-54-2p-duc-thang-id1619.html"
"J3,J4,J5,J6","4","XH2.54","XH_2p54:3P_male","320","https://chipn24.com/10-cai-f297-header-3p-xh2-54-3p-duc-thang-id1620.html"
"J7","1","XH2.54","XH_2p54:8P_male","840","https://chipn24.com/10-cai-f297-header-8p-xh2-54-8p-duc-thang-id1625.html"
"JP1","1","SolderJumper_2_Open","Jumper:SolderJumper-2_P1.3mm_Open_TrianglePad1.0x1.5mm","",""
"M1","1","Vibration Motor","Coin_Vibration_Motor:XDCR_C0720B001F","7000","https://icdayroi.com/dong-co-rung-1027"
"Q1","1","Si2301","Package_TO_SOT_SMD:SOT-23_Handsoldering","450","https://icdayroi.com/si2301ds"
"Q2,Q4","2","SS8050","Package_TO_SOT_SMD:SOT-23_Handsoldering","400","https://icdayroi.com/s8050"
"Q3","1","IRF4905","Package_TO_SOT_THT:TO-220-3_Vertical","24000","https://icdayroi.com/irf4905pbf-mosfet-p-ch-to-220-55v-74a"
"Q5,Q6","2","2N2222","Package_TO_SOT_SMD:SOT-23_Handsoldering","632","https://chipn24.com/25-con-g3-1-transistor-dan-2n2222-1p-sot-23-0-6a-40v-smd-2222-id4880.html"
"Q7,Q8","2","Si2300","Package_TO_SOT_SMD:SOT-23_Handsoldering","400","https://icdayroi.com/si2300ds"
"R1,R3,R7","3","100K","Resistor_SMD:R_0603_1608Metric_Pad0.98x0.95mm_HandSolder","40","https://icdayroi.com/dien-tro-100k-0603-1-goi-50-con"
"R2,R11,R15,R19,R20,R21,R24,R25,R26,R27","10","10K","Resistor_SMD:R_0603_1608Metric_Pad0.98x0.95mm_HandSolder","40","https://icdayroi.com/dien-tro-10k-0603-1-goi-50-con"
"R4","1","680K","Resistor_SMD:R_0603_1608Metric_Pad0.98x0.95mm_HandSolder","40","https://icdayroi.com/dien-tro-680k-0603-1-goi-50-con"
"R5,R8,R9,R28","4","1K","Resistor_SMD:R_0603_1608Metric_Pad0.98x0.95mm_HandSolder","40","https://icdayroi.com/dien-tro-1k-0603-1-goi-50-con"
"R6","1","100R","Resistor_SMD:R_0603_1608Metric_Pad0.98x0.95mm_HandSolder","40","https://icdayroi.com/dien-tro-100ohm-0603-1-goi-50-con"
"R10","1","1K2","Resistor_SMD:R_0603_1608Metric_Pad0.98x0.95mm_HandSolder","40","https://icdayroi.com/dien-tro-1-2k-0603-1-goi-50-con"
"R12,R13,R14","3","22R","Resistor_SMD:R_0603_1608Metric_Pad0.98x0.95mm_HandSolder","84","https://chipn24.com/50-con-g43-dien-tro-dan-smd-0603-22r-1-ky-hieu-0603-220-id5189.html"
"R16,R18,R23","3","4K7","Resistor_SMD:R_0603_1608Metric_Pad0.98x0.95mm_HandSolder","40","https://icdayroi.com/dien-tro-4k7-0603-1-goi-50-con"
"R17","1","22K1","Resistor_SMD:R_0603_1608Metric_Pad0.98x0.95mm_HandSolder","40","https://icdayroi.com/dien-tro-22k-0603-1-goi-50-con"
"R22","1","47K5","Resistor_SMD:R_0603_1608Metric_Pad0.98x0.95mm_HandSolder","40","https://icdayroi.com/dien-tro-47k-0603-1-goi-50-con"
"SW1","1","SW_Push","SW_Push_6x6mm_SMD:SW_Push_6x6mm_SMD","530","https://chipn24.com/10-cai-k77-nut-nhan-4-chan-dan-smd-6x6x6mm-id5558.html"
"SW2","1","RST Button","Button_Switch_THT:SW_Tactile_SPST_Angled_PTS645Vx31-2LFS","1000","https://chipn24.com/10-cai-f64-nut-nhan-4-chan-vuong-cong-6x6x5mm-dip-id3098.html"
"SW3","1","Boot Button","Button_Switch_THT:SW_Tactile_SPST_Angled_PTS645Vx31-2LFS","1000","https://chipn24.com/10-cai-f64-nut-nhan-4-chan-vuong-cong-6x6x5mm-dip-id3098.html"
"SW4,SW8","2","Corner button","Button_Switch_THT:SW_Tactile_SPST_Angled_PTS645Vx31-2LFS","1000","https://chipn24.com/10-cai-f64-nut-nhan-4-chan-vuong-cong-6x6x5mm-dip-id3098.html"
"SW5,SW9,SW13,SW17","4","Adj button","SW_Push_6x6mm_SMD:SW_Push_6x6mm_SMD","530","https://chipn24.com/10-cai-k77-nut-nhan-4-chan-dan-smd-6x6x6mm-id5558.html"
"SW6,SW10,SW14,SW18","4","Ctrl button","SW_Push_6x6mm_SMD:SW_Push_6x6mm_SMD","530","https://chipn24.com/10-cai-k77-nut-nhan-4-chan-dan-smd-6x6x6mm-id5558.html"
"SW7,SW11,SW15,SW19","4","Config switch","SW_SS12:SS12D10","4200","https://chipn24.com/k88-cong-tac-gat-ss12d10-4-7mm-3-chan-2-vi-tri-thang-id5002.html"
"SW12,SW16","2","Corner switch","SW_MTS102:MTS102","6300","https://chipn24.com/f101-1-cong-tac-mts-102-mts102-cong-tac-bat-2-nac-3-chan-mau-xanh-6a/125vac-id1097.html"
"U1,U5","2","AMS1117-3.3","Package_TO_SOT_SMD:SOT-223-3_TabPin2","900","https://icdayroi.com/ams1117-3-3v"
"U2","1","LC709203FQH-01TWG","Package_DFN_QFN:WDFN-8-1EP_4x3mm_P0.65mm_EP2.4x1.8mm_ThermalVias","45000","https://detail.tmall.com/item.htm?abbucket=7&detail_redpacket_pop=true&id=932186364473&mi_id=HxGlsK93cn7NRChbfoZvyC7BD_SS9HjTLBDwuk30xiNVMDxXWOWYe8qutLInBkuC7tStxmMmBBtyck4Y73Ud6DeBxglXeQ7fz6OIugLw8zo&ns=1&priceTId=2100c82e17487881828387076e09bb&query=LC709203FQH&skuId=5816825588820&spm=a21n57.1.hoverItem.1&utparam=%7B%22aplus_abtest%22%3A%228f72c1b41e651223fb05bbc7629d9250%22%7D&xxc=taobaoSearch"
"U3","1","USBLC6-2SC6","Package_TO_SOT_SMD:SOT-23-6","4000","https://icdayroi.com/usblc6-2sc6-tvs-diode-5-25v-17v-sot23-6"
"U4","1","NRF24L01 PA + LNA","RF_Module:nRF24L01_PA_LNA","43500","https://www.thegioiic.com/nrf24l01-pa-lna-mach-thu-phat-rf-2-4ghz-1000m"
"U6","1","ESP32-S3-WROOM1","ESP32_modules:esp32s3_wroom_1","135000","https://hshop.vn/mach-thu-phat-wifi-ble-soc-esp32-s3-esp32-s3-wroom-1-chinh-hang-espressif"
"U7","1","TP4056","Package_SO:SOP-8-1EP_4.57x4.57mm_P1.27mm_EP4.57x4.45mm","3000","https://icdayroi.com/tp4056"
"U8","1","DW01A","Package_TO_SOT_SMD:TSOT-23-6","1000","https://icdayroi.com/dw01a"
"U9","1","8205","Package_TO_SOT_SMD:TSOT-23-6","800","https://icdayroi.com/fs8205a-n-mosfet-sot23-6"
"U10","1","CP2102","Package_DFN_QFN:QFN-28-1EP_5x5mm_P0.5mm_EP3.1x3.1mm","65000","https://icdayroi.com/cp2102-qfn28"
"U11","1","ADS1015IDGS","Package_SO:MSOP-10-1EP_3x3mm_P0.5mm_EP1.68x1.88mm_ThermalVias","10200","https://item.taobao.com/item.htm?detail_redpacket_pop=true&id=642019797843&mi_id=6GD3qER-5y22WiJKOH1fEqXKRK-DK1vCwT0J9zYMo2oAj0W74X1JDDdB4Om2Vs4x21qFllVgAHeYQDkDJe8xsZTcX8K_MdhFc8ABHzGhe6A&ns=1&priceTId=2100c80b17510160070052191e0a1b&query=ads1015&spm=a21n57.1.hoverItem.1&utparam=%7B%22aplus_abtest%22%3A%2261ce3f1f66d03c8e83aa2f0fc8cb1823%22%7D&xxc=ad_ztc"
"U12","1","74HC4051","Package_SO:SOP-16_3.9x9.9mm_P1.27mm","9500","https://chipn24.com/sop-ic-dan-744051-74hc4051-sop-16-hang-tot-74hc4051d-id10175.html"
"U13","1","74HC165D","Package_SO:SOP-16_3.9x9.9mm_P1.27mm","4200","https://chipn24.com/sop-ic-dan-74165-74hc165-sop-16-smd-74hc165d-ic-thanh-ghi-dich-chuyen-piso-8-bit-id2534.html"
